,x1,x2,x3,x4
1,0.6375049973045188,0.5964216873215913,0.41831277588847326,0.35750683903533503
2,0.36020592287327685,0.8185233018822802,0.23619798109494755,0.6324619037717432
3,0.4761673299647297,0.5955498724482421,0.4507918855369117,0.47833361517577394
4,0.25063698649916283,0.7115384538078895,0.4741616579172816,0.47377085029385085
5,0.6147395543641028,0.49959749258312847,0.4330929864253133,0.5547655052405839
6,0.24072161973749115,0.5781264467007579,0.5793125413064882,0.5248687802152471
7,0.48619728674905016,0.4898621845888369,0.6766513502714813,0.3813739610947684
8,0.6336430965742645,0.3674975967369356,0.6081072711625497,0.5352021403250619
9,0.540715068719673,0.564840354895844,0.4313633684169374,0.517109954497311
10,0.5159295528645099,0.5500983666358328,0.4704532975371357,0.4926850570428812
11,0.40721529583410815,0.7611176428647077,0.4574940362159718,0.29836673794180024
12,0.32290593758475195,0.8010247604276499,0.35761144050143406,0.4310439576050982
13,0.3479740318172364,0.7563666823611547,0.3196893810540023,0.6302430988678279
14,0.38762869344930173,0.5216190796820386,0.7249981579496906,0.4549217087779177
15,0.5008534893387654,0.5045784000406109,0.475322526097502,0.597726069007667
16,0.5627632761764405,0.572856118769619,0.6066702937160225,0.29867073182629233
17,0.2136537476598843,0.6607422065924029,0.6106665996233116,0.39178321156953766
18,0.5124612981800775,0.4864003687607955,0.5056289711424755,0.48630489595609505
19,0.4029754999574204,0.6314880075377316,0.5907304162413386,0.40141636686442245
20,0.33140912472339246,0.7229287365707557,0.49271091460465377,0.4360488865557725
21,0.6153784752462838,0.5749587086753509,0.37199907264726917,0.4346227889226957
22,0.25669767996536635,0.5555801807144679,0.7641894769304878,0.3991015855131623
23,0.4666657832811671,0.4042714859806412,0.5688527235491748,0.5579082504620421
24,0.5292217739138563,0.45838915862083457,0.426973947788253,0.6012558822283043
25,0.5459010135539929,0.7326787263052831,0.5112377462338025,0.1872833244515231
26,0.7354501633692466,0.5219730303164045,0.2236451830316922,0.5931496224884318
27,0.4717647995440851,0.6505320718819788,0.6396236351026051,0.23330183165256566
28,0.4446898267976822,0.44893855707563984,0.7022923685792282,0.2944741190234696
29,0.5724078560784553,0.5829842468304669,0.3516228865915033,0.5627945317034119
30,0.39712172359256653,0.6061059345301694,0.7077155740804759,0.29624809154298737
31,0.4184472724153755,0.6810314498506751,0.43591482130577075,0.48234814705338647
32,0.3323160086145267,0.3854716763757845,0.7380083642376848,0.5250217694646444
33,0.45080373874891594,0.508059485174845,0.59731444170322,0.40799731398725875
34,0.5177565319866152,0.5067577226190106,0.5241890100877609,0.41322289759085984
35,0.23731838406508404,0.7551247365779103,0.7180350295543192,0.23558759770894136
36,0.5863915760167463,0.3205773224360429,0.5343623484743734,0.6861757070931187
37,0.46957754775478927,0.5798603334769685,0.7427520303938405,0.22885557497789127
38,0.3469295312405229,0.7241124790549339,0.4627115680102273,0.4486357800376102
39,0.7227117231486814,0.4119871544427081,0.4985252440846493,0.4688950796440895
40,0.630170238323721,0.3016978876768953,0.7162526934134295,0.4443459843262759
41,0.44502076593254863,0.6029569784186644,0.5713016514854363,0.39676452598643264
42,0.5997992983147071,0.506767345258771,0.30420030708949014,0.6739153785671935
43,0.17724315605262944,0.7068005169824315,0.4960922886025786,0.5915063477995783
44,0.4373317864489671,0.5331394212794103,0.686746065138843,0.322427629471492
45,0.18923612112613428,0.36684623908430536,0.7317664284724871,0.672449109755797
46,0.18006864073175385,0.4209276809690526,0.7102697216493683,0.6107065392999493
47,0.3441336542605197,0.7585771911256958,0.30801312393013663,0.6251290200228838
48,0.5535559978560238,0.46228590193412844,0.6336151232324786,0.4423433254893523
49,0.816519912532296,0.4342030392755245,0.3983172284127119,0.49560840626680114
50,0.4383170914719921,0.6054576578241958,0.7750717594760875,0.25828786071621823
51,0.12294450602980078,0.6234325027697194,0.5667957087947445,0.6232347300151467
52,0.3552299731115009,0.5859249036152628,0.3839156716575864,0.622319473374205
53,0.42423821423180785,0.6247673612834426,0.5296537903251691,0.4730944313335546
54,0.6274270382848643,0.4465714844774909,0.3120462173142023,0.6756269819984596
55,0.5089185803757534,0.3978561822728725,0.7595697963646074,0.31030460525166803
56,0.6334790358569354,0.48395115581440357,0.5248510204041966,0.40271163159743073
57,0.5600946436876157,0.5216002564428824,0.5197807673234751,0.41037820606252856
58,0.5469248961958811,0.4995596758567576,0.5775819862862093,0.4505180777293804
59,0.55593690975287,0.4888682558599691,0.5822508630685301,0.4001206007613504
60,0.16789182927949814,0.5537919034304218,0.563033803598005,0.6701018604032746
61,0.6520521998215002,0.31439390864090644,0.7989439036335646,0.3792707246439056
62,0.26021475451873705,0.5862932385635617,0.7043092957299572,0.31498670634127396
63,0.5257800470468825,0.471707864494468,0.6366008269327389,0.3757322492521932
64,0.6485808009246135,0.4414432083296195,0.5731181339416987,0.47966335950170513
65,0.3774775791710845,0.6128888958302006,0.3387673628191772,0.706576118081221
66,0.3740415098710521,0.5171181664821228,0.5166409354276967,0.56532555293233
67,0.46999120070201295,0.41335831525360567,0.4792197892199285,0.6773561169027954
68,0.1325267578731802,0.5811842345076569,0.6553329344981994,0.42034022732048365
69,0.17802101577589993,0.5046988395944328,0.569235238813942,0.7247387867033233
70,0.6762343025957294,0.46770121526434705,0.6172631752382806,0.31055546117683547
71,0.4378113090016126,0.6635542087323556,0.4642731016942978,0.4973630421871345
72,0.38591170230772504,0.5376360474903747,0.531802872085963,0.5798989486858676
73,0.4716395500505391,0.8612796555957174,0.3350628405955525,0.4163759827624846
74,0.5193522391600369,0.4021617968346484,0.9030790969504503,0.18694084830258
75,0.46777858566722275,0.5552067798375423,0.48061617836902265,0.49765774403849566
76,0.48313193349862893,0.5605597939603901,0.6965034910969742,0.24500585799199243
77,0.6464522839023721,0.4253952377965532,0.5823048013601254,0.3875011346516648
78,0.39707302380488957,0.6147372459472663,0.6040234489704492,0.3872291219917203
79,0.5964301171743168,0.3605104871246903,0.7828517391109655,0.3346385029967673
80,0.325385968841551,0.5624341376604675,0.6699970946154242,0.42164927868578034
81,0.5660549023159529,0.17444979452995724,0.7798377322706116,0.46554304739139774
82,0.7405937069841966,0.5288440895041993,0.3495268835979069,0.5211958491774634
83,0.671868049651024,0.48402093927789736,0.4145532539557079,0.47861901038019505
84,0.5039855530091978,0.47912314011790796,0.49665774896227843,0.6284254381954959
85,0.41186923500173006,0.5008451623220209,0.6286767152257303,0.4749748023507599
86,0.7222728011061793,0.5558818830199218,0.2662297781941073,0.6474023050261871
87,0.20944355545172744,0.5872187507918071,0.7610478394836006,0.40003485434822517
88,0.42411545243671717,0.5656741818351786,0.4265222632587838,0.6436110375756794
89,0.4402397087239756,0.4948595980869542,0.5229280778221987,0.49046781631573383
90,0.5956263977718567,0.46289123336947585,0.5546858377693754,0.42527588737293226
91,0.5682786083790422,0.7472065536616301,0.33412395372126696,0.4110231929290833
92,0.39216573467900906,0.6903193972021623,0.36517444387130704,0.5167161563761836
93,0.5036882550820172,0.6884901683015086,0.4131668667945073,0.5143988692377213
94,0.6454383767482424,0.4865181266947818,0.5138494548190827,0.44311422974150905
95,0.7629170555766494,0.29766713038650183,0.46828889503455634,0.6791266417244882
96,0.3545817227111511,0.6422412300245821,0.45264540567205785,0.5483072408769836
97,0.4987920874818632,0.4116886178043549,0.7238866293984721,0.42486870515162267
98,0.28270603867273253,0.510067668935226,0.6165555202260898,0.44389717249952776
99,0.6272439286519585,0.29471925601130305,0.6746218351952189,0.3811071616471745
100,0.44937503054228317,0.5801665285984543,0.32634804595863065,0.6972311760007386
101,0.5353876633654868,0.5599840514601301,0.5427819510212464,0.36964300503123554
102,0.6519274041686192,0.3365697394020281,0.5394725156413638,0.5799534870336187
103,0.41333927334503906,0.575819435945973,0.4601798703688424,0.5111992324815341
104,0.5788334697119283,0.47732768381134166,0.5100996464060445,0.4824334402703188
105,0.4364437424442317,0.468785804314373,0.5130001571710826,0.5597577337382326
106,0.38572934667558634,0.7262436122026813,0.21967659841150142,0.7058674525990025
107,0.9820855435720328,0.3922985442103889,0.4907330340811733,0.37969620575117047
108,0.32021699745538806,0.42486330382111165,0.7922379902523324,0.46261189223939825
109,0.41621478116973193,0.4735865593514032,0.5660981656082098,0.5629262757141953
110,0.5797093070036959,0.5689201885174126,0.48811012129559406,0.41901810774720427
111,0.48310064088178367,0.6700849513565654,0.42084943412300485,0.49392488616108954
112,0.46835525984944176,0.5259127387215043,0.6305546950090475,0.34388825411553214
113,0.15401059549940216,0.6532638369311378,0.5558550576701841,0.4710890215414469
114,0.7454989402807454,0.47584165018199004,0.42160745530628163,0.49037302372506897
115,0.0737405507487944,0.7815190749341904,0.48348770662112134,0.5280894038285892
116,0.5626836468598977,0.3910998140177739,0.4865997341129651,0.5077272000300312
117,0.791798752152889,0.4164034122626945,0.506536072119553,0.48264063316622
118,0.606130038140997,0.40489886516602724,0.48810110090916203,0.5781260110769119
119,0.5008738787028996,0.47921233808358676,0.5904482951315085,0.49097867702451153
120,0.047910991674954224,0.7557813219506725,0.6382643694861724,0.49813429589729313
121,0.3857302749512802,0.7802146404079691,0.4666825476093623,0.4014572439355602
122,0.39549801977218163,0.6149984772237477,0.4156891572947184,0.6750020163848826
123,0.31147142263163796,0.6238914475217837,0.43672910416555966,0.5510407872061348
124,0.392087583108309,0.6924307131177729,0.6760203186873788,0.3190701650829367
125,0.26947982028439443,0.6231323046960285,0.5525496678210801,0.4821615107179122
126,0.6016213970757586,0.5607390852328235,0.3270341970272359,0.6143800150383852
127,0.5145074103084082,0.7091126409182633,0.41160555615757705,0.3236514002826761
128,0.5359055408880594,0.4618829933025114,0.5994333629367046,0.3903598878066022
129,0.5757136969436519,0.4071247548092856,0.5619420421870275,0.5025629739729078
130,0.46701809617754897,0.5835238612305401,0.38398057208334635,0.6108359552884134
131,0.4743546495256454,0.38150572335342864,0.6078532264140587,0.5153784349527655
132,0.44613439763479734,0.40679040697679153,0.567195089334208,0.5834943051825224
133,0.37636691800353017,0.4187078887517838,0.7637858711105265,0.3781678537624447
134,0.4829069081141746,0.27850224392236234,0.8916317178623938,0.3187605115996001
135,0.4190966006133276,0.5261717741831023,0.6059350231094337,0.38661153373050555
136,0.5561411569582858,0.530681054432768,0.33856708429453597,0.759477559490791
137,0.6030449930366402,0.6650338373108771,0.4551531316976994,0.30617803250995296
138,0.39741537499506985,0.5870787658826573,0.5322435084751872,0.49572853045851817
139,0.3313192283345767,0.7287592686744302,0.4720810820306556,0.4509117907633025
140,0.32247552277374697,0.7360934310904156,0.38685430837534734,0.6212379459662419
141,0.505175436350984,0.4082744335861439,0.7185691414048913,0.4126287337079415
142,0.4902912345181149,0.5316859853913602,0.6801130740730689,0.23959730960545086
143,0.671565013521127,0.5172140886308962,0.5414315046355866,0.32274151139288415
144,0.4111544159272279,0.5785116926550246,0.4896899370224094,0.5297921706030095
145,0.35115658455485366,0.3959434299236577,0.7918602428950053,0.4804353434285385
146,0.816818333684578,0.5063467681068711,0.612462649001841,0.16287727167056212
147,0.5083071937723944,0.4474005651709441,0.6481711230066377,0.45107855574078626
148,0.3419455132909138,0.47636113976726635,0.8094577443144124,0.28075360513675157
149,0.5464879555092733,0.4377837950994424,0.6495111771490429,0.42664875648345546
150,0.4554540774633098,0.6027389785061207,0.35615396644796676,0.5843692012035967
151,0.23539228943111093,0.45945954584984705,0.6553795929697175,0.5613180693076409
152,0.5158281532929465,0.3729603092572748,0.5107172559091683,0.6229372156365709
153,0.4240867412271363,0.7455829522200941,0.37938724247310784,0.4934170626937416
154,0.15772086111007746,0.7935496671886196,0.437019588356617,0.5350497442979127
155,0.44285993355136094,0.5321684257746019,0.6672442174323142,0.28861734953345225
156,0.6209821136009767,0.47207370679638844,0.5763227382412028,0.37039296108506053
157,0.6367518562781693,0.5467548086622381,0.6461705805846083,0.13718368036495696
158,0.4360613231698092,0.3267741417440503,0.6637565639109626,0.6188442401102847
159,0.27338693959132804,0.5675504232678769,0.4792619053572069,0.6127520986229561
160,0.6210292983400423,0.6387604245180311,0.5054869358120448,0.19730496086140892
161,0.26117240222966737,0.6973583551316702,0.5493967489413853,0.5675856870952467
162,0.44442246619189824,0.45366122468498915,0.6996390981167503,0.4165910817520483
163,0.6823600611368044,0.6035817532500033,0.46420467164607604,0.3254608331807137
164,0.7722680249303575,0.5336695636173132,0.55386423135902,0.30877541446399914
165,0.7862779487750513,0.677046071077006,0.31395779515658623,0.4200630845090375
166,0.1641814889676343,0.7841653196513396,0.5863683616327028,0.5189769978105744
167,0.5103231740690238,0.2162211481111542,0.8687254453519928,0.4763607679551428
168,0.5288118018129552,0.5023048069802408,0.551470121789873,0.45969402444470386
169,0.36384474299819203,0.8162132840097035,0.307837510063995,0.49917100894255334
170,0.36198664293944677,0.30813136585486217,0.6272903127752354,0.7747447223871926
171,0.5544818742427168,0.26982316156397046,0.8207945990934666,0.330017091218273
172,0.2742079114648651,0.5005309050426388,0.6005140348513283,0.6120559247212933
173,0.567375740268898,0.34767191658887403,0.5605778052773273,0.5531586992985805
174,0.6448817481613542,0.5724015138316686,0.39353637606385633,0.49003161836496295
175,0.4952942105407313,0.5439653806953298,0.57144218349366,0.38872976772989654
176,0.32702011143076276,0.6152492586224296,0.6037565420104233,0.536970434434926
177,0.4228284312026975,0.669410800010518,0.5756405843943526,0.40332912587244407
178,0.6007460087934391,0.6779402893083514,0.34593711616061434,0.4202697462885922
179,0.7540704783930195,0.44581510246858336,0.5446311189312175,0.32366276498240953
180,0.4115627175434589,0.6214131703823941,0.5136376386696454,0.5751209266985424
181,0.8374846463202815,0.45434651313484486,0.4254602396474064,0.36519640555106964
182,0.5379648122162624,0.5587784590722173,0.47078612951820403,0.4982161332727223
183,0.5900757876225895,0.5251365946442133,0.5423185126439847,0.4018709778283832
184,0.4081703092495802,0.5917670082525393,0.6634773595227436,0.3855086391692373
185,0.6026748959534102,0.41537818787749264,0.3856548625267467,0.6057619658417818
186,0.5646224513473846,0.552630188327832,0.3706367493439234,0.5943290738713866
187,0.4022293976579569,0.4400886092967916,0.4845788917335501,0.6396638592741689
188,0.5597590616810573,0.6140806201221233,0.4692966152474147,0.36333395939978086
189,0.30960255314062535,0.43247503111409585,0.8010345152691026,0.49933134701772525
190,0.6539346224891528,0.702235602362676,0.3097048711899848,0.4592513732779748
191,0.5031889422829041,0.482488374730872,0.3827361947087604,0.6324568115899938
192,0.6293945404960513,0.36442107960785103,0.7220518992062398,0.3652388361886119
193,0.5519493669251518,0.38906395288302037,0.6901723285168455,0.38401173455464477
194,0.30536763922175203,0.7119487608317537,0.5406386552181416,0.4075814753654013
195,0.6805593570482303,0.6067407304981773,0.5565708560461913,0.19630305508952317
196,0.24108192216265356,0.6995471810996401,0.5944011512688802,0.29747919656540606
197,0.4682730400726073,0.5912912802342859,0.493137905414206,0.48439425998198354
198,0.48212974130790454,0.5985898739484062,0.39259596391563567,0.5817811562062201
199,0.4162949355822225,0.5081613464543259,0.5451803465844377,0.5618082926443269
200,0.45905950156122804,0.6756228170691881,0.43865093802139943,0.4128110917643022
201,0.9067448113307142,0.5407482489717598,0.43917399069617247,0.282262144273414
202,0.36564614942885026,0.6175055763899983,0.4499838972175543,0.5233570464496989
203,0.19709108880208526,0.7397745287691908,0.5393983107520408,0.48524598116027295
204,0.5259667732326057,0.47446236117158613,0.6863071978577221,0.3048024249527601
205,0.3308356703579019,0.6146902568443452,0.5478824821999164,0.42138307622717747
206,0.27997494005629275,0.6015277475401711,0.40600679835559994,0.6598792226618704
207,0.63166232719487,0.5180132356761409,0.5450032046737151,0.3426671928289818
208,0.5572993560262332,0.18094683040611417,0.5558678413425058,0.8107225023547254
209,0.3372236035591967,0.3805614729833744,0.7051923596393751,0.6436320393648166
210,0.5421852750181683,0.6188403550677715,0.41582162405277096,0.481193813457033
211,0.2617866240603531,0.7029062304128993,0.6093712592646021,0.3490672537176025
212,0.5300415017306739,0.30483315973647696,0.5844816739061568,0.6252238072724985
213,0.5018687038633356,0.569820422954826,0.4786605398700689,0.4126883734932524
214,0.4237632199593451,0.656879700610429,0.2370403838101915,0.7397112218113601
215,0.32594531430250073,0.6874250316401695,0.42782817822595837,0.4616659392706349
216,0.393996982736864,0.5997493861650205,0.4647316118871485,0.5245582072676515
217,0.363147931055641,0.45764701621147874,0.6258729292239972,0.632253396392785
218,0.7882975863464748,0.6633126846259795,0.2849772470577213,0.3922868531145156
219,0.4378356233877125,0.3311261860304532,0.8273957942808597,0.4186949835836224
220,0.5549243790517532,0.6981275657539703,0.28334586973173714,0.5420133176247532
221,0.5090189612251972,0.36796893647196743,0.7563035130833305,0.3386078750849189
222,0.3597641892228531,0.5496562899525236,0.5203240772584018,0.43136445137853746
223,0.49028084812107064,0.5338688645853344,0.48026074665818685,0.46664944654635
224,0.7350546919055139,0.3091857023167032,0.7315941328117961,0.30422541089513416
225,0.511474459810613,0.5193485076326159,0.4009657575440674,0.648374586975713
226,0.31408200512252704,0.499706308085367,0.48088577118817,0.7056985326257775
227,0.6153580169816801,0.48843035886656816,0.4371994323620886,0.5368167338107488
228,0.5358036670215399,0.3225893034689005,0.7587374259613084,0.4393642869233142
229,0.6142012457873363,0.674222034739135,0.32638061989642314,0.3986275461055221
230,0.34368023020816796,0.801884920454619,0.37376421872031257,0.4620059816341898
231,0.5917441252994373,0.5808070677219274,0.36135164750396725,0.5234909765505588
232,0.514740249085155,0.5383567613257224,0.3644899366326364,0.6220524449342651
233,0.312759405264559,0.42390741927553266,0.46110368477712577,0.7223695451043353
234,0.6754224277702544,0.5242139893855995,0.5647046542338143,0.3263480619708741
235,0.5994753428645015,0.35820492414139615,0.7018758702030325,0.3798761401636236
236,0.44602894749927646,0.5989491494035989,0.5916499302074827,0.36439219039976567
237,0.35547597870267034,0.48004015423625646,0.6150251204895395,0.5498098863865202
238,0.6901789858150763,0.5215625816221913,0.4354743064859732,0.48541310599338533
239,0.7346684816398353,0.49972385842778466,0.5413077222652056,0.3011143359449824
240,0.3950987403259072,0.6182733619170964,0.32843952605604476,0.6443197450531333
241,0.5649461450931528,0.42962876801016664,0.3894461492434687,0.6804257261088625
242,0.7065291422946836,0.06348434065603319,0.8355512331185715,0.4829897657241976
243,0.7192184254591121,0.418832147734509,0.5744004732221515,0.3571531992193922
244,0.3845826648337876,0.6716517112959124,0.6609729014964415,0.30779209550747555
245,0.39842325293639247,0.6556780643355739,0.6524109260436327,0.2782869980268495
246,0.3978345903653772,0.470049893676079,0.47690031474103417,0.5845449125517723
247,0.21879551972938086,0.8005148180893721,0.46867748152827793,0.45874228595298167
248,0.48627519242731376,0.4827727949394195,0.46263258633590526,0.6034333100973994
249,0.6722281648510235,0.37062822373880927,0.4581409697272316,0.5143244247432662
250,0.39997085304931274,0.6237845276082468,0.532391003787407,0.37838370593400106
251,0.43950100089576527,0.6841337235077278,0.2846606593577799,0.6170659083491542
252,0.4867188804970575,0.42712430586131006,0.7767002669753261,0.30413510560256174
253,0.6217512360027023,0.0,0.7478580931993098,0.7177531120443325
254,0.500208556775462,0.48638915279829426,0.6828163718437991,0.22632683123840228
255,0.5825289979568277,0.42717076833538625,0.5673717281974857,0.46578244783289224
256,0.34757714613292295,0.6140113100103659,0.5434428044498674,0.5077641001096017
257,0.39871792305130205,0.500550611378443,0.5968739681447623,0.5322627759798648
258,0.4539822907169236,0.6632621096532262,0.4584102248266498,0.3449264321319487
259,0.7656493186442039,0.3504819234594732,0.6132309491605462,0.33260307936132344
260,0.5439132979496185,0.6508877113282738,0.3579985567256425,0.4364638737700285
261,0.382299218171003,0.4269445828098778,0.6650757564413691,0.3643349038227483
262,0.24783472367081752,0.7906034058689247,0.25162032355503633,0.6416534746462391
263,0.5389729635540293,0.3829345802865526,0.8835488680047796,0.24851232111615262
264,0.5257745252922934,0.5829867592663703,0.547614717092719,0.38776925021381986
265,0.17623681526631238,0.5285954418738524,0.5695999640710323,0.6809927655931752
266,0.4693015564553286,0.6071246012041532,0.5838427875969017,0.3522986822278385
267,0.6875593476403563,0.3617205244425447,0.6393643126426793,0.5002998266084713
268,0.2854287359400522,0.4976549573293183,0.5297372869963144,0.7288118376436424
269,0.5784411727102292,0.5603720210183935,0.5397210160780878,0.41058220239341836
270,0.1676399695868264,0.5923288607259224,0.7754340977072405,0.3821368908479533
271,0.7058451483233114,0.4411303038032429,0.4447090223124145,0.5545119777085025
272,0.5749678159643075,0.6823460294321864,0.3635866052316613,0.4094907306346855
273,0.6804068841640414,0.5721759087334966,0.4346177747930039,0.44008009904777295
274,0.4826267838411051,0.6227074210390161,0.39108701388664907,0.5325919157661677
275,0.25741418477303196,0.5287843622818628,0.8317913518547077,0.31171436231932137
276,0.42362631409004226,0.5158530603679414,0.5396107993905322,0.5385754956130995
277,0.5289507036924842,0.40091594917112744,0.40724326288618357,0.7446338985812334
278,0.778263516630592,0.29327976120403976,0.4913703194399851,0.6090971012769838
279,0.22317165681427967,0.6652208571059901,0.6327194743265431,0.46279592563000754
280,0.7656448116475514,0.4971129430274854,0.469447916283512,0.40479422478781335
281,0.5530965263348632,0.2617963502399859,0.7330818978788478,0.5071871040341153
282,0.6383043187388354,0.41597227029561,0.4827595074790732,0.5595576011138795
283,0.36772393413711696,0.630794913213852,0.5208906449471349,0.45687931656881464
284,0.23385509961104886,0.4609376644708936,0.5736653200145041,0.6018596069821956
285,0.2103061312480587,0.7767081097136403,0.4523643392411425,0.497499711711402
286,0.5463521467449134,0.4766424957528519,0.5911451251751842,0.41911527016644273
287,0.5941890209963474,0.2541806177771432,0.36640127312289184,0.7913132108256115
288,0.397889798151722,0.544090366239266,0.41644023533843383,0.7364532730714282
289,0.35855154992573424,0.5765645425017772,0.3868690545249076,0.7125810114965359
290,0.31483409713879595,0.5698420951727932,0.5399331625927293,0.5934711467013063
291,0.5237971767079056,0.2825213722898866,0.7272204968095454,0.4693921832449738
292,0.4070523680113211,0.726833014005247,0.4780624002885572,0.29864884447473933
293,0.5172679714710064,0.409681759687839,0.5550631782119919,0.6093683864217923
294,0.05663424597568102,0.47775124607057295,0.6895274998405934,0.6547799198869887
295,0.5294602284877069,0.5451421721116197,0.21342685380283447,0.8213402189024667
296,0.44077008650299526,0.5198254765220751,0.7515583115941513,0.32553935743987955
297,0.16404195451457743,0.43656626834126544,0.7202465089907927,0.5689396107310909
298,0.46674004726696566,0.42900074379223874,0.6647279003402018,0.45955206205605853
299,0.35945605670730263,0.45257425947597407,0.622141186790347,0.6258084943250974
300,0.3239837208715175,0.23868085791939742,0.831627612865428,0.597405435617421
301,0.39640343894008645,0.5914965097008035,0.556909673383157,0.5121442051470565
302,0.6919438305850564,0.5362766501613333,0.39412239010065614,0.5131876582480115
303,0.3927049290564201,0.6815375970313832,0.6673942036753123,0.3243598704399403
304,0.6334716910476448,0.2837583705065986,0.518870654321377,0.7596191539718162
305,0.810504642601908,0.34539098047761935,0.592326934331493,0.4041976129811182
306,0.10204017345573962,0.6882460083348501,0.6602482964456922,0.4239689225305973
307,0.4774000741366641,0.4469257654288269,0.5815543773166048,0.4813135190748354
308,0.6117615688609221,0.35140949904479807,0.5005993890964162,0.5329726553493965
309,0.2610104765671198,0.5738032615737851,0.6726204935033447,0.45853091016873754
310,0.3114637948594575,0.6014155176592408,0.6414125928032355,0.46722496105937245
311,0.511605336566848,0.3204186762678708,0.6201517457607819,0.5505526518781942
312,0.6363145655494054,0.5213429480645662,0.6357785583760587,0.21205136585484236
313,0.11789948735268467,0.46580485700594076,0.7059835852843028,0.5356227592264123
314,0.2734243387654739,0.6029020653027546,0.2995385134260631,0.8126052055135204
315,0.433948653702728,0.8420031481209207,0.21486786163207533,0.4919738636905219
316,0.5094325853274487,0.5471735797416198,0.4300444755318196,0.5154766940291778
317,0.5152279120906887,0.4980017248472922,0.6463282929052223,0.3936373505490791
318,0.22158870760648075,0.600568295238363,0.40585665449810887,0.7423877977076517
319,0.4155594969571856,0.5909282763274826,0.4515690126623536,0.5338452034358377
320,0.23914720561478398,0.6254909168182926,0.6320712729135533,0.43800300072321185
321,0.5758313951339319,0.36570359561850657,0.6458367009073854,0.39004761798701676
322,0.4232188810790359,0.3518698143099281,0.5369670117257728,0.6034283726418724
323,0.678384047064859,0.4462545341144444,0.6078005216061524,0.3945719999010258
324,0.4171175227358447,0.6542116860135055,0.343855292400541,0.5179029201515787
325,0.4246852215111199,0.610933011761224,0.17837936347677535,0.8576594907543184
326,0.5397434126035758,0.49633697770256063,0.6250814210133884,0.42933468307417005
327,0.6352054223875796,0.33038720643834346,0.4626132245555708,0.6990226057312203
328,0.587290272780482,0.33820628402583947,0.8203152441851949,0.34530290797988467
329,0.5679579380919867,0.538082070911279,0.5245166005917212,0.4316911544524107
330,0.5055872709975909,0.4817016719016101,0.4549986730699102,0.548055971901585
331,0.6074997904240469,0.44151422036707383,0.6138482422483518,0.4557830322832095
332,0.6975990462231245,0.3379534091648688,0.7332130188193957,0.2814924076062419
333,0.2946545314445824,0.5982538112592648,0.555467609391303,0.5833094544108773
334,0.31462846609373596,0.7005244357460725,0.46738883010950766,0.5123932040325153
335,0.49779889273494404,0.5197110815211416,0.5477126746673963,0.47994592198318625
336,0.4519217430866069,0.5503529235506992,0.5453804600784717,0.4362404682109268
337,0.08390709829154659,0.8812009097963774,0.43743531274266806,0.48111811124387727
338,0.33803764290562144,0.36137424617828634,0.8275600227345428,0.46402902150031117
339,0.34088978847088247,0.7399921610714305,0.24440283520800732,0.579962872175482
340,0.4279069221044447,0.5975367085984702,0.36241161211191386,0.6299972937674648
341,0.5729070359551038,0.6344890221770941,0.38159616204058083,0.48742160484985936
342,0.6182625133797317,0.428029179793406,0.5661015376678408,0.3744788600847026
343,0.10567075852933382,0.5880585094273771,0.745432653680399,0.40618091145816837
344,0.5167404969146363,0.5003960713566331,0.577751216195214,0.42707378034989685
345,0.6776048292752342,0.556461644022344,0.5324945702684795,0.3540154233388038
346,0.5788999364434355,0.7313176758352948,0.29126209407245646,0.4862186603385669
347,0.4800120282091436,0.49091932289757795,0.6729670973483389,0.37733063783704973
348,0.6321733054782163,0.29558819530668773,0.6447468430903198,0.43735784113591347
349,0.29523299756804894,0.3937410126505983,0.671306665348676,0.5694162320890016
350,0.6591212859860721,0.23717991825263252,0.6228127844309949,0.5264857430402707
351,0.7572381677352152,0.4912018808431279,0.520401655251716,0.36215073839180945
352,0.47638799002588805,0.5820830256519214,0.44264924228471214,0.512292132218509
353,0.5962139724226061,0.6407720896567544,0.4977158048083082,0.3412978850626877
354,0.609458735649317,0.3807352532793203,0.5946784654104037,0.47655702358388163
355,0.40384206105701514,0.647956251408301,0.38652842108560037,0.5548769847220889
356,0.4380739332997437,0.5637659518216995,0.5482516560567141,0.3674745380568261
357,0.4386739574096128,0.6406399296278048,0.5234250645314036,0.40574098606300624
358,0.5692872299430132,0.447428091246757,0.6792101429119805,0.2585845469998601
359,0.373026776000369,0.48643898315768486,0.6775793842562471,0.4677819645405793
360,0.45038731048677105,0.5193476980951808,0.688928439478719,0.352786829691868
361,0.6434715383216276,0.561477613902546,0.2997005645131746,0.5604920335039033
362,0.4615516408067107,0.43965129254583335,0.6320333155657765,0.45317635098849235
363,0.3808874693351565,0.5567022974799648,0.5592569195195406,0.5094446020982195
364,0.3733314375213701,0.7261231301940866,0.363860312008553,0.49110947455257414
365,0.20865820922512365,0.47927544900420826,0.7133185290962822,0.5503495967436398
366,0.5070745126285938,0.7240207167731877,0.4206200189727417,0.37596119262567845
367,0.3567621790625195,0.5928793502671216,0.46043503074570086,0.6146478227429659
368,0.45816506549020064,0.6074995795038886,0.5642194016736937,0.41639289773298566
369,0.5931337708640693,0.588465278983396,0.5258627245213933,0.32578781869500656
370,0.3286555804781112,0.6876922664446095,0.40723220390095916,0.5685024173274171
371,0.507800521789879,0.3242305364690008,0.9138198337695008,0.24590065565603453
372,0.556409499194857,0.5606590772337092,0.6748884975983795,0.13559308106684423
373,0.9087881232940563,0.47693989498836975,0.4888998320594499,0.2861459092746966
374,0.676246564643511,0.5920961851735353,0.2365988861689945,0.6417099317360462
375,0.21176094790547892,0.8042515927889005,0.4719674567534534,0.4717388998207267
376,0.49596543056454445,0.4780206583128495,0.5410359272739516,0.4579271192692178
377,0.45506967628924117,0.7828324615119603,0.4704451288007907,0.33965308870958666
378,0.5917399335407564,0.48594503304489556,0.638436667426674,0.3158813759653966
379,0.3534529193755124,0.6256620246963606,0.6210123551007544,0.43423692130004427
380,0.5128513339816754,0.6749573881698805,0.49391811516138817,0.2970314427993859
381,0.19703001921221447,0.77466958106411,0.3090176730282161,0.6655677554064577
382,0.26130869599781603,0.7105482093376155,0.3771996502422647,0.5991924687217578
383,0.44630298596148943,0.6037180746145248,0.6429353230828581,0.34139183233894255
384,0.4817545217174446,0.6704865516173754,0.5978012952512176,0.24296807408066248
385,0.4971080964789372,0.31510053986440006,0.7686911422184519,0.4284605659278098
386,0.474424347074323,0.43822966452602463,0.5993762955540081,0.4809036043999085
387,0.6873751990229185,0.5131020026688254,0.281991965874022,0.6290605638339304
388,0.7780063629532734,0.4838325730704035,0.3965469984917955,0.4611694221832894
389,0.3819873672104472,0.5226574585841166,0.4202879132019005,0.6722247425352831
390,0.5915893434503259,0.2598216819678333,0.6096000158357036,0.5974837364955413
391,0.5425672600921654,0.4132856263069697,0.4446726407471001,0.6560433749478141
392,0.3291719597427505,0.7129279850046379,0.45808872978725884,0.5072168005020843
393,0.36897575055281695,0.47110602460176115,0.599384894483018,0.6294083031838776
394,0.25253592213895837,0.569830634288729,0.6687282000556318,0.50344841682467
395,0.1701934784873637,0.7578883389034013,0.3481297580332329,0.6430676158353384
396,0.7017563777750339,0.4333112481235039,0.43341497016810243,0.5596507652914221
397,0.6865838620806706,0.2687005082523896,0.38534993447865223,0.793229809710439
398,0.46201652271752275,0.29168483787784644,0.7549534834674979,0.6022845300353307
399,0.18751950305488435,0.7347687233598753,0.5646194638978408,0.3813146544250427
400,0.4531474156779438,0.7268690666909372,0.37569810847767615,0.4149393431693892
401,0.43442077053357114,0.6857799131177336,0.43576356431709456,0.501698103064426
402,0.5634086547517877,0.5621629364452172,0.44351913505287277,0.4074823728494331
403,0.5022886903992301,0.38119709804913854,0.7710620061298755,0.2703895801426192
404,0.522265177152548,0.38449525333685486,0.6507611756224113,0.36213785095318524
405,0.3441988974902096,0.598719863168398,0.5601961935407853,0.5049816052443354
406,0.6820679253863957,0.5054831201323348,0.4816586540272683,0.4803134928789852
407,0.21035153387951566,0.6144330963681597,0.5769231249597668,0.5569753315224404
408,0.0,0.6876130904969171,0.7284236934862764,0.449366228985244
409,0.6761108774596497,0.348357758874783,0.3826361504349531,0.7522424673443265
410,0.1563770355031299,0.8754212917799024,0.6020956284629683,0.2458777217453023
411,0.1349595723717776,0.8042271833803404,0.363141925448868,0.5483148229729059
412,0.2224042782087765,0.6670856980688132,0.5668484923123627,0.5111771253739745
413,0.4277269883571063,0.5890535301460714,0.32298240629191766,0.7557507692183941
414,0.4483029981120922,0.5508897496478188,0.5368932273941207,0.44568233481890335
415,0.6310752134981062,0.46182068874639004,0.5589041453675854,0.3672979512897709
416,0.44050933530438685,0.739988450925375,0.3334330049108649,0.4361220523161513
417,0.21139775238199862,0.6805627782398629,0.41681695744162356,0.6673105107322068
418,0.21353650522387121,0.9526966460445739,0.19330562089423295,0.6066153639007179
419,0.4933148931822372,0.6589717949624794,0.3950932747555897,0.5562930998254986
420,0.32034971909628723,0.5066733484940746,0.7532877321041417,0.39097722144756214
421,0.40981231714257155,0.5328007613483254,0.5148518174007126,0.5961230299113814
422,0.08902572989072766,0.6999272636980816,0.824125497624064,0.3594159797418834
423,0.2687235311725231,0.5641719226315204,0.7230414161423618,0.40818701317255546
424,0.29992332049729015,0.5185844555865752,0.7280850747247576,0.3825085542049126
425,0.503080219547445,0.5124734058721392,0.541572930362719,0.4956234400030695
426,0.6536317495545404,0.45005287227245927,0.5697872999980487,0.36070751982078614
427,0.44647553526009937,0.44855169555783025,0.553622187227128,0.6103386738366905
428,0.8676327653705592,0.2140720064180775,0.6305517984681429,0.49864693466007987
429,0.40089218902732393,0.6361823495701849,0.4756106553761991,0.48720840318411557
430,0.40386630345467656,0.5289226485419898,0.6764473100825148,0.3566031306516165
431,0.5737391555737967,0.6039887693978632,0.5755778800689506,0.24251287426523713
432,0.613465910314606,0.13824315009634186,1.0,0.2602862824274203
433,0.5986468359620154,0.2658638932819707,0.974116428056855,0.21165119312424158
434,0.5512562465186885,0.4997140191284928,0.599531879069749,0.3076299408344406
435,0.7905001245620341,0.5432603024573586,0.40131527286768975,0.38376458451049644
436,0.4027679764808907,0.6249650099649391,0.5990449536672626,0.4025905207672033
437,0.4011220330161228,0.42089938439584157,0.7347541533991174,0.4309354095835214
438,0.5016541513898821,0.45872276897625797,0.5147927460348483,0.5821686975793159
439,0.35627340884904635,0.7226778189318848,0.47464050073513026,0.4299042025535041
440,0.49659160551961995,0.32454058707653577,0.6903151197799922,0.5375272223913785
441,0.3787809906914047,0.5429199542428275,0.5231554512630987,0.49763446584940335
442,0.4972438556137895,0.27889914315612235,0.7528728103602782,0.5404677760290189
443,0.4615665411189399,0.5653404284420979,0.5414495366661193,0.48025109926296283
444,0.11086009084215796,0.6529933634666109,0.5110437772642219,0.5517092014971785
445,0.4332900587291354,0.563294460514879,0.6243687161025345,0.3585690117447346
446,1.0,0.35473968516115784,0.5131925108078529,0.3050022754565823
447,0.5480672632416314,0.5076253815461909,0.08339256306329333,1.0
448,0.2765830934362026,0.6572796822532984,0.5087314196145697,0.580014926011898
449,0.5019862267533897,0.3277283513792529,0.6667173581554429,0.510166433485447
450,0.24795043543564668,0.5479440488786802,0.5151664274568696,0.662867200901083
451,0.48197524207655446,0.6053448799904054,0.5657369679328245,0.3264535887299726
452,0.3922037777552345,0.5748404537520739,0.34570028205276404,0.6843410885742471
453,0.5972737476279779,0.4432986937554322,0.40021087223945245,0.5368083571392969
454,0.39436713462132916,0.6776848105801941,0.49770889939319085,0.43767469597964526
455,0.527654259382111,0.5417881007907736,0.616222158109151,0.4205907301436456
456,0.42047612578712473,0.5682497740671841,0.5607834201888457,0.40760165835158296
457,0.38750449240032214,0.7649437621838245,0.3930105391548117,0.5042571199412371
458,0.34240212161134,0.41071655254873213,0.8827058085113871,0.2574424017839916
459,0.262433186042896,0.7091423499381331,0.5030626492472319,0.5953197966005284
460,0.5502042950453215,0.4598042878192543,0.5997168923751218,0.4637693895284548
461,0.6547870266990242,0.31910579710705617,0.702699477821836,0.406848572000463
462,0.7082803713531494,0.5068954440078384,0.4055341080541083,0.4527487475534902
463,0.5336258211238349,0.5736898297730569,0.3177170359140646,0.6712807471010792
464,0.5654088103084643,0.40550817780652243,0.5510514062624576,0.5921434925569449
465,0.3474164324215032,0.6111836595283948,0.5763817719465345,0.5112581870274225
466,0.5192617210498859,0.27469342896456755,0.8056857813379483,0.37210306014826944
467,0.43097804558321495,0.4797625547591504,0.44080259042470793,0.6289335618933206
468,0.32070354924636874,0.5642396852286091,0.4612022383973584,0.5703128313373711
469,0.6679680335103347,0.6192865290798673,0.41961890660976264,0.4112057117393675
470,0.5261852245208598,0.6085108969694799,0.37010930169868617,0.6347823460118311
471,0.180225609552112,0.5174948547909629,0.5906450804907696,0.5972004181447437
472,0.5997181000700914,0.4277187034521047,0.6712470415668775,0.374783423616791
473,0.2478532069752334,0.6025743119076525,0.6598502706775469,0.4675539941763624
474,0.4567601470978952,0.3754085095487535,0.7973138048191695,0.3874704277249297
475,0.5002537635461303,0.5362630870922929,0.5032568019540165,0.5518902063473204
476,0.8021104537533159,0.33107236045271243,0.7336327548332898,0.21451773691169082
477,0.5550139748731454,0.651068283996392,0.4104647532661501,0.4614207157581914
478,0.44018979611552994,0.6340013461614181,0.5206368636759545,0.4302015587594913
479,0.32234008744069986,0.6349814618757547,0.3832262895087899,0.5870238385766241
480,0.4735939380427325,0.5220404122420765,0.40565356495546095,0.5949289076723127
481,0.4320569003203284,0.6620929723275354,0.19843150939513707,0.7265929058456857
482,0.38696419540632143,0.6445737152289059,0.4667826089367894,0.4661929490688143
483,0.4882769030957336,0.6027778286777808,0.4433450174156591,0.5748704687522915
484,0.31977897766662816,0.7179378394749041,0.5420948070519275,0.44395803925981436
485,0.34095495686807176,0.6034538185562427,0.6808389458717353,0.4157198018694945
486,0.6037824651891512,0.564123726476375,0.34452747488495694,0.540008863898382
487,0.6267950255079942,0.4268609531552423,0.7377700972443947,0.21427165588448285
488,0.7025942214592024,0.5859426678711165,0.3320186288279915,0.5182362447411479
489,0.3298656767763196,0.6586273394483727,0.4589229315380907,0.5107764176765958
490,0.5028657200514347,0.5012372690785171,0.5882682985299064,0.4449550545421939
491,0.4161245692605726,0.32954470459665547,0.9058390769120555,0.3007739543245823
492,0.580324020517529,0.4299665376446658,0.5933543911451625,0.43110798023436514
493,0.5604967915735638,0.6147228613627854,0.4580454852125853,0.40053768334862755
494,0.45847150560613703,0.4343406437408887,0.8062761063515395,0.37088088637621286
495,0.5521730770197446,0.4364629254866137,0.4564194996405645,0.6010133155270689
496,0.4973742216000773,0.6055825817644761,0.2785243931722252,0.7308131897004144
497,0.5298629282051349,0.2976253588297119,0.6340665553357093,0.6516589354955898
498,0.5454840211927645,0.5882242093626566,0.4494316844766517,0.45430995512346595
499,0.6532824978563989,0.07612285116072588,0.8361317914230153,0.5218294108541668
500,0.44067682083895166,0.5058013590903889,0.5151180595064888,0.4691611783340024
501,0.43761496787896503,0.59436843358572,0.6281526895546073,0.3669034641418898
502,0.23723663728534108,0.579498676896136,0.37532645931166175,0.8387721153379736
503,0.3334694981719536,0.5873049694106887,0.672914267280833,0.4068014321560524
504,0.32454915753071467,0.5752665448060389,0.6662853474733065,0.4059921290763282
505,0.4061302226040155,0.5145050052650968,0.6936656536565676,0.35910498727618995
506,0.38832993850739633,0.4681584738067571,0.6127377965618032,0.5460380252456729
507,0.5776157699277029,0.41247845950817374,0.6887189650422366,0.3654443495778543
508,0.4498229559169488,0.2619989681953273,0.3953912403997667,0.8775533784577983
509,0.6569172063646274,0.5483951892996728,0.44448304458864973,0.4752060159526577
510,0.48300076197357167,0.701505068749251,0.40470376638696903,0.4598465234135749
511,0.31486620564713774,0.338243681166166,0.7123068294982152,0.5882920129029365
512,0.17527807190879335,0.5347303232168736,0.6225477387146773,0.6341962988077542
513,0.7744728451007998,0.4344809919725864,0.5506577158410398,0.4212195992372949
514,0.6455951721519071,0.6912398144428928,0.44061787626456056,0.3268485589729781
515,0.9499675936405925,0.20293039431645918,0.6390413972953629,0.35843523807423594
516,0.7303411696228159,0.4434291614250882,0.5894885893779899,0.254764207089066
517,0.39775927018969603,0.4513505940841533,0.5798055892299195,0.48067028538483625
518,0.49370433954917986,0.6789887543302257,0.531894050809912,0.3539183840314597
519,0.32502143302223235,0.45793843663644923,0.6163271579741463,0.5820805746160116
520,0.5635967138180036,0.6213236348455168,0.32092890006996255,0.5873789803765354
521,0.6329975565444691,0.13955544288589028,0.9588255165248373,0.39895286700743865
522,0.5881452586093513,0.48599431698743334,0.4260513943309198,0.5896185520987783
523,0.5870512732525826,0.34009645857390075,0.7757338825054586,0.3732760475888848
524,0.662634251681881,0.3332815531017706,0.5716351952254811,0.5064107439005614
525,0.45220872743133494,0.5936090617110387,0.4508123662672724,0.5119458828915254
526,0.436862858275103,0.5113875362160938,0.5657901791957675,0.4910270436334661
527,0.8074879027953584,0.35749082714472474,0.6197306941237354,0.31002449620923844
528,0.5392219887245355,0.47406283354503626,0.44436269132100176,0.5540059031306755
529,0.5192799279247136,0.3430916238289994,0.8085264232251229,0.2456582819362953
530,0.4659580526961806,0.5401152110000663,0.5040797298856099,0.450750438025748
531,0.13303711370582333,0.5715578900533066,0.6852901953009533,0.5315281773947809
532,0.4722859065805446,0.6325771279794526,0.3524375435406919,0.5922935296810347
533,0.6234007952654746,0.4998148701913557,0.3795581696290723,0.6216855665027172
534,0.537940015570367,0.5523796640515496,0.5797850748215643,0.3166102345716537
535,0.605631953619335,0.545740690514917,0.46678137173763007,0.42986610218142773
536,0.5678990452008366,0.3826155744452478,0.5090185170639135,0.5934966127598722
537,0.6058104214462791,0.5048638768057467,0.6632160021881514,0.2613479996334022
538,0.49652400931612894,0.5976762192416485,0.41665222130803525,0.5195815391989305
539,0.4063463972592877,0.6424188236679979,0.5174068375553933,0.40063522958030456
540,0.6951609867488602,0.48741291451218305,0.4992469349128844,0.33784507340187625
541,0.33748264602958306,0.6286538513873622,0.5709427317886215,0.4784005474807488
542,0.4744706549458841,0.7529069193327412,0.4093227596816056,0.38778194081776685
543,0.5326118107775651,0.5007097828681547,0.40622890233887377,0.5588367925488152
544,0.46324239420181834,0.472844313137024,0.5910468766210167,0.4627241828250571
545,0.5393826156892313,0.3505509989286497,0.6880349513646175,0.42990269421601157
546,0.04950622642266448,0.7924099833370577,0.4557143448428732,0.573294385746672
547,0.46390002430020216,0.44042219087946166,0.6603365599490542,0.5331160522189147
548,0.7152145116617964,0.3507552419040219,0.7129262244897966,0.3412201641307889
549,0.3326101422436558,0.5951139612770528,0.324645586920689,0.7520493762009823
550,0.48932958222197354,0.6072181063612415,0.40092812546404893,0.5246185437365132
551,0.4540506840763088,0.5365841871957588,0.6549795011991475,0.31195298450145176
552,0.3285553208726872,0.5916150122765809,0.6386233427614079,0.37295918464960537
553,0.5018529873221582,0.4506320262851969,0.5880063304468253,0.4983717131320615
554,0.5447763908092152,0.4484691427855944,0.35434172253925067,0.7056386151204401
555,0.5636654367225694,0.3059950103874502,0.6904554236988978,0.5039463119047906
556,0.530760188991971,0.7302948246388401,0.29228026056514167,0.5636620940440955
557,0.14828335921208988,0.7337440133786332,0.45788833055404954,0.5328770314453217
558,0.18970169080074872,0.5936522581921215,0.6230699054734956,0.577554754709089
559,0.39329569472584575,0.4172934838331751,0.5485529459718181,0.5728956373485932
560,0.7086706950792916,0.5208772727962391,0.46279164585251714,0.40737460407821413
561,0.24922667541300011,0.6689560555999934,0.39422679636769664,0.6997245198912643
562,0.7175341577653994,0.3965940796210852,0.41496893136346186,0.5585953048217481
563,0.4984291138593318,0.691965482001022,0.4120815917065779,0.5088387118464583
564,0.4459382728364878,0.7070505704586899,0.5545995624680754,0.30305943160867055
565,0.6517694670660514,0.18710571453116542,0.559842948605001,0.6632830776721591
566,0.5227593740358035,0.41245451060797056,0.49511786570847227,0.6149584863379381
567,0.20972229876572185,0.4624230848336579,0.6028120814008311,0.7553163075992123
568,0.6380636503464142,0.41432993380128796,0.4362739613504845,0.6172896533969545
569,0.6716699575839717,0.5285824367288914,0.31626130424304943,0.530111225265898
570,0.5481452435944055,0.483136694860794,0.5341503899614803,0.48467308285526656
571,0.23920918066599117,0.49884417220315036,0.6774413455690401,0.4617117073415255
572,0.5407227073818145,0.38604929057332155,0.5751820067071576,0.497202583490749
573,0.46615187436514144,0.5957497040619387,0.5272946824178264,0.37193977350677737
574,0.525273110779737,0.4743061752068948,0.7447501081419392,0.2773775571510175
575,0.4618267340465354,0.5464619327804576,0.6006987319992387,0.39724005813338353
576,0.11418475682934576,0.8737761002986694,0.3303551805490153,0.639665460263025
577,0.6029372379037425,0.4175059554252931,0.7739459537635195,0.4252679231781424
578,0.610651845122878,0.4398521483059855,0.6089952924862945,0.3958384925269261
579,0.32222797021913535,0.5300912701200704,0.42038540965193255,0.7961490450592966
580,0.34590485222943923,0.43267239123127654,0.7196454444000684,0.44651402512327487
581,0.46261150789890787,0.506839991578356,0.44922792296257497,0.6559170486947178
582,0.5934402087658468,0.3031629344091257,0.7406283593313784,0.4840797397500631
583,0.28136114000899953,0.6079478644567671,0.5301294646690242,0.5354000178429975
584,0.4935297034764182,0.6931419379556969,0.45264146433148333,0.43455509520315483
585,0.25884689735373695,0.5406742163136339,0.6285433310172462,0.5589188522141357
586,0.5281019591978053,0.38948789735873923,0.5462504874352402,0.538243024137642
587,0.5508868485186788,0.6436136559587873,0.3607750420398571,0.5546860383683783
588,0.5230354191831236,0.5380436209727534,0.6769364821917428,0.3002377394265369
589,0.4142099697792181,0.29738661524835236,0.5751913565871751,0.6141804332959624
590,0.6380801473008884,0.3313266180295368,0.5989102239393267,0.6074809805034854
591,0.430042514327458,0.7998998539982687,0.5042027938933397,0.41683066211408937
592,0.16395048294527287,0.7145971519282208,0.3158915465675032,0.7336064541116011
593,0.07286443188505343,1.0,0.35697090283965793,0.473386831903918
594,0.5284255287622355,0.6000905650577505,0.32463628371822406,0.5501562614614582
595,0.5390945485103614,0.5258621775239868,0.39235588106310926,0.554042155115998
596,0.26856481666951126,0.5439170585375336,0.6452330246418777,0.4667061614226728
597,0.513319316263882,0.6839456560002589,0.4314655167290523,0.4417668611549923
598,0.43177001926920366,0.3993161283969557,0.5796761560199367,0.5849282013361488
599,0.6224526613114642,0.5032153885017402,0.44663159568704447,0.46607705987059694
600,0.386890955436873,0.7582388944600127,0.5377547009779101,0.2823047850741932
601,0.6743327429621898,0.37637947652838466,0.5444942873960672,0.4131691368068375
602,0.4376450678506678,0.6309134739910689,0.2978256767352839,0.6689720460944306
603,0.6916040466569263,0.329642920877069,0.5841615209207185,0.4867143672645443
604,0.43223414568940616,0.5068847801880261,0.42123210272102557,0.699774517862695
605,0.5319490064438093,0.5530360443118766,0.4875987338862459,0.41811780643838387
606,0.6719611715036244,0.5546304435620515,0.6043666952963049,0.16499849335794267
607,0.21484131251909105,0.5215243141105181,0.7319329718029426,0.4553474146818259
608,0.6762867580271114,0.3919210490155933,0.7055707547288511,0.2638602854243624
609,0.2919845202090061,0.5475541713600284,0.5907348915671006,0.4887615621346631
610,0.5296882860874322,0.549796612840843,0.39194892568876355,0.5165230893057062
611,0.4292577885113774,0.7206569676323624,0.42185141009003596,0.47624421395273253
612,0.34426912886747324,0.638955378202592,0.6687503988374868,0.26374732439798126
613,0.5327415726682918,0.5656413074049089,0.4142753372976009,0.5315311106924111
614,0.5860291356581457,0.42334829516497374,0.6249142002844256,0.40542750897278756
615,0.32030786351249146,0.6708938391188893,0.584262039365211,0.4822789941757977
616,0.6083592005579771,0.416417189645111,0.4452704934010627,0.6127519511476929
617,0.589517529492128,0.4424089545317192,0.6862244747894622,0.2862021306551528
618,0.5324005570071593,0.587372744016283,0.6616795875341411,0.17957777434828387
619,0.59086150245539,0.24595830460763277,0.7221808798325685,0.5535162003256159
620,0.3148323684702062,0.5859120651355179,0.39936412006695643,0.672902866825769
621,0.33621005564635564,0.6613971773883327,0.4299529040444455,0.525575012054675
622,0.22564751609892744,0.736168592893094,0.8170854688762463,0.1696949635802412
623,0.44178663997042517,0.6011221304628048,0.5073639999053394,0.45932758794874906
624,0.5211727617953653,0.4942570117994178,0.4686573818040468,0.6482232013104361
625,0.48809545499888835,0.5326425541218835,0.3739509891878466,0.6467821555631381
626,0.6888089592552806,0.4681314724707757,0.47662081387316374,0.47972596899834496
627,0.7173548784948022,0.4642545028043623,0.30051205410199383,0.5519401214653611
628,0.42548669710432285,0.6001081099181018,0.6010196282905496,0.30656671287436305
629,0.27800802789075313,0.7059536432925396,0.5217438142894699,0.5247090886967631
630,0.5284926230578013,0.6047205886539619,0.4445661351341369,0.4240594640523806
631,0.5305877118399529,0.5536376355081635,0.5236481109653965,0.4241808726717682
632,0.35033680349975355,0.578545945373163,0.4485840726609918,0.5759395268580948
633,0.6521194618375796,0.3460707815652358,0.8599841102586823,0.24247271512765142
634,0.21938377462612385,0.5371388611724996,0.7296644241642392,0.49535214005091405
635,0.413332463218254,0.4479434628069572,0.4961934671176678,0.6844270531054983
636,0.5789422030115164,0.4603477262654598,0.5996766128618132,0.47598723565894335
637,0.4361500191401111,0.6849567293168966,0.573512866054352,0.20685493780108846
638,0.5165665218714652,0.5587005146386943,0.5923521658471772,0.41017576650244236
639,0.49686018885636696,0.488633755939757,0.66219768800845,0.44387472132201833
640,0.5846299274775009,0.447283693284593,0.5654582652052945,0.47460585610463574
641,0.817297773026907,0.5089693991232259,0.45939258306484404,0.2807026188009544
642,0.30778455701805235,0.6722294961250251,0.4523534638122026,0.6253460835095819
643,0.49776826560690696,0.7106978664842468,0.31467164520555446,0.4805970741878532
644,0.5535055569752716,0.4759027936155188,0.7109729643495282,0.4011128225353967
645,0.49616007775758486,0.42355328558090616,0.5224068654531289,0.6071245138492756
646,0.36454779704640355,0.8343089608409481,0.5292295504304264,0.24997653191219035
647,0.1896325034878418,0.5262609398847234,0.7828013738415034,0.4218652844321973
648,0.603279228281755,0.5786538487437958,0.5414473973232097,0.3093031391629909
649,0.49089608541596974,0.46620589386010064,0.5117081223263886,0.53506224926049
650,0.6836550291674885,0.5673422018913198,0.35255037069002704,0.462210371331392
651,0.5554232684164216,0.3467179491972324,0.6242040632542133,0.5425493941206685
652,0.6081463516253304,0.6344044676952424,0.33058270953297,0.5645826163541716
653,0.2967915518706947,0.6428754870633152,0.6566451426917251,0.32051219612868204
654,0.6003201156726689,0.618947062047291,0.26347856346531556,0.5560552776544236
655,0.2022378224438321,0.6791407927030464,0.3507212218195185,0.6888519254652549
656,0.3891842950967225,0.6241368655779552,0.42501906557229696,0.663293438808342
657,0.729513081239771,0.430532549863652,0.2948060315884249,0.523943509698912
658,0.6755940349922488,0.39200162961907997,0.5640154202949262,0.4564316897103853
659,0.7730364218183997,0.29386974273762884,0.5291384614354571,0.5142560751441195
660,0.6736558551496452,0.42419154047723734,0.6425636248358217,0.3051105933387557
661,0.5826161984332355,0.43363572536703743,0.6163486892549906,0.4222407829358349
662,0.5121703487064786,0.43711035255769526,0.5703421490017523,0.6022337201139385
663,0.5312836609677255,0.4030030400364485,0.7500696606808605,0.2984895297305855
664,0.48336746217871934,0.45386705227853913,0.6689569391658721,0.3814949276493494
665,0.6526423187525374,0.48841351683444384,0.5177806998043942,0.38787153403400265
666,0.563633932203019,0.4687392635211398,0.4878948711856649,0.542246884478454
667,0.5473759556309192,0.4508852387417831,0.481356234035301,0.5123226335403702
668,0.600381111306476,0.687549317145848,0.23421790703311945,0.6399363964781956
669,0.7191153776250214,0.5609795099750607,0.412849441585231,0.29448544993364356
670,0.5546844258420558,0.4576355521601585,0.32139671367109307,0.6450112775387248
671,0.43616733636597943,0.501556335565044,0.45290211890314724,0.6315644509119883
672,0.7268903070982312,0.20284093692408092,0.7432959990470046,0.43623097180415926
673,0.5588893042332791,0.5323921954158345,0.39198642789036375,0.5697338272307452
674,0.3606000571268329,0.3859540127071453,0.7464634305198169,0.44902678264029894
675,0.43424295014166947,0.6368309906037567,0.6915811143911588,0.3122484792230698
676,0.6072996877197518,0.38722067768749724,0.6231898947456477,0.4234922106141136
677,0.35733020251084574,0.5694361163763646,0.6685101101416527,0.467709791908545
678,0.6522906290866527,0.3325070829868611,0.7690596692569079,0.36132640384166254
679,0.7073452450919071,0.5014438968847248,0.578860304223443,0.32302283145108673
680,0.3553879419530548,0.4285147849574902,0.6639055231525212,0.4799162059079455
681,0.5344155576426844,0.5713398988659197,0.4037365520880216,0.4582407928768148
682,0.5448582071911648,0.5860677956850225,0.5055883324956881,0.38026065492448335
683,0.6587693494115819,0.32837488707779044,0.4683463534685424,0.6518049047270624
684,0.7916343141104696,0.46637694632090954,0.4691342489470256,0.3504485131269777
685,0.48648993315026406,0.5580716881916117,0.6518697838423986,0.3612335592665543
686,0.654263816098694,0.5688439541284859,0.35112580954126094,0.45175252920788367
687,0.7198175730703975,0.39893599261438617,0.7342604296064097,0.22802739406539416
688,0.43523794065693094,0.7200846210815904,0.1591487896738742,0.7057425225900505
689,0.5883665403438101,0.36693058189092587,0.6029407722457237,0.5308990923347757
690,0.5622944401624015,0.2740712673948719,0.7033987099767738,0.5505945193834181
691,0.44104677181012564,0.32173488292480995,0.7265010467848332,0.5689209006667618
692,0.479243992768675,0.5490082503154532,0.41939357491996243,0.6475272216707627
693,0.4224851259445481,0.645362782243075,0.40053788018941106,0.5172197560263597
694,0.5465047204013865,0.38929648667643024,0.5335589967356009,0.641705685219576
695,0.5193307538631141,0.4131079696099561,0.5835354781025371,0.6098542284441927
696,0.6547525410008707,0.3300605317904156,0.7701250093947493,0.256908665617797
697,0.3100418252607835,0.738450652251556,0.6233383210861269,0.3737869112693089
698,0.3037339255230523,0.5168637127965016,0.5299740437607837,0.5461854156533401
699,0.6015153670471283,0.44284468226036733,0.3603940766418062,0.6643083714493171
700,0.6081821487306251,0.3541828030729309,0.6730479932344955,0.4138624796672266
701,0.23936339178879013,0.7238714652594537,0.2683047199334023,0.7204041859933359
702,0.4829513019059299,0.6145177083436426,0.3083846695295591,0.5429356851033373
703,0.5204119223283648,0.6690185549359268,0.5421483940614663,0.23983153116216144
704,0.5821439999410232,0.5958904729365311,0.5526493315038167,0.2672908967622759
705,0.4396629928029742,0.5293722228534833,0.5556603831209809,0.5537465847041183
706,0.5243953382625673,0.3582781450789137,0.5275550116307837,0.6535226799169552
707,0.42003293581348533,0.5017246970728687,0.6806016444044404,0.38812217911811864
708,0.7206413279099864,0.6575244382547514,0.293497269414492,0.4084621657455944
709,0.31689910269891275,0.5786995308569195,0.5154029317426037,0.5688992642337494
710,0.671842969347136,0.5647743445826072,0.5354708625811171,0.32590853168314754
711,0.4559770410814801,0.5420208543139974,0.35384533366260545,0.6888300019515355
712,0.33716504231724737,0.5516993457325924,0.6173497563311164,0.5278426506421734
713,0.2069194211865254,0.5965698476518319,0.6411046651505811,0.45526908410098726
714,0.43399578602159283,0.4975893122694941,0.652652273022335,0.36793639310535126
715,0.6274943777431012,0.6737094566361983,0.46495066681751535,0.3798345575900433
716,0.6049827421969065,0.33863312471767476,0.6644794193904647,0.4659656218720268
717,0.290756272100939,0.6223556555754127,0.5078038704542688,0.6067089703313648
718,0.8189693812069,0.43708487190972906,0.5584557361372698,0.32758501190202494
719,0.479864378146647,0.37663295703090405,0.6137596730702732,0.6102494922752495
720,0.5813043538759121,0.198915229652584,0.6805767564450272,0.5914460253333421
721,0.30839358012465823,0.5396053548421599,0.6469971705684591,0.474124291283536
722,0.6703552053716926,0.666455148960987,0.41821207525326454,0.324752152168272
723,0.2051397374360662,0.7212002306435352,0.40507323496407066,0.6967174069983039
724,0.635958607949552,0.462372459044847,0.5231831109896807,0.45855619022887906
725,0.4911861129696839,0.44626498245330937,0.30313790524797124,0.8207778941562697
726,0.5883877372951998,0.37233308083627376,0.5821780462475831,0.4626863745654165
727,0.34343101409651094,0.6113990768944705,0.6364824008882536,0.3256695075662394
728,0.3669475654346811,0.551515645375193,0.5362540983303236,0.5560288766373197
729,0.4857665873823014,0.40057149142198684,0.5271872330778488,0.7298225142021633
730,0.6307512507241392,0.31340452281460945,0.5161294703826124,0.5869327898043437
731,0.28626255093192865,0.5082188723096321,0.49529823830377434,0.7281555190395935
732,0.35824706928153394,0.6862664781679333,0.5060064950945085,0.4645726039289799
733,0.5885293437878544,0.49431902364607333,0.4755081082843823,0.5508164231340723
734,0.6495775182673416,0.4775496349101593,0.3096080402456251,0.7070621179481227
735,0.44666272247355954,0.5162473648468523,0.5925951100690187,0.4306022718567881
736,0.5084922613419605,0.7526548339597221,0.3349151330598552,0.43706824996124527
737,0.6063032535343873,0.5514754180596201,0.4909189663454269,0.41613742895974554
738,0.36291581189310645,0.5994029950060686,0.5576212141924487,0.4580057347675256
739,0.5242504892036038,0.5514343330171914,0.40504756097987343,0.5023708971106728
740,0.44975172458343454,0.42995049738337376,0.5804430523265155,0.6462489401238874
741,0.38720008198214073,0.6153654114015765,0.5630817453659347,0.4726937935384751
742,0.6270348815133382,0.5343063719819039,0.7164603648344205,0.2242948589303059
743,0.3495220476389695,0.7321401799861152,0.4939452193174865,0.41195148696565587
744,0.2500431381918892,0.5096767701125043,0.7027716041655357,0.4367389167292961
745,0.7013011217881379,0.33778298070519575,0.6798396338037552,0.356713870022607
746,0.43417105198114203,0.6123975050616125,0.452485240334395,0.48950851509299514
747,0.6795660238165868,0.48515490957545765,0.4310918713698059,0.5498363970089704
748,0.7251509842301447,0.23301547131760203,0.586094147175409,0.5572399382901081
749,0.21036763876759823,0.6348302628496433,0.6758118895241481,0.3561844958011535
750,0.373208810523154,0.4587632035911121,0.9900763058138691,0.179341222407496
751,0.6956386120100444,0.6473924357120484,0.3688592403703154,0.41246800576050685
752,0.4530367317094731,0.6075581231001975,0.5065204369366291,0.4616414178601172
753,0.6590231650571055,0.43550658350376303,0.6633458122387478,0.35912415459158753
754,0.46465288396866816,0.37382675024489465,0.5465679096892605,0.6489662232243995
755,0.6559133075813417,0.3548632050570525,0.44674959216047344,0.6890090786989598
756,0.16972132647293478,0.42482907374854173,0.8361116258804606,0.5750845120836396
757,0.5394289296411982,0.5986605158789419,0.42829019265136625,0.5431651058232568
758,0.4829317477890196,0.5377718067618815,0.5333330201080896,0.5065932633386195
759,0.4991971168582038,0.5877967642544157,0.5121394925756525,0.5751673468389432
760,0.6478852180491214,0.45196348648036605,0.33310087931255644,0.7519527476002158
761,0.5981810802280729,0.46986851584313344,0.6379493935512984,0.3427086784602237
762,0.8112407817173696,0.499578890723465,0.23767496331265514,0.5716137679456835
763,0.7700964872297468,0.3451794422073349,0.32861848954246414,0.7083692738257709
764,0.4091794546745067,0.3906974677282357,0.587780501382097,0.6405945912727081
765,0.16498768471502687,0.4897261471390998,0.5739408031187618,0.7240448761492462
766,0.32762574876675543,0.5184681122851839,0.5535300119906063,0.593686502132868
767,0.3522013895107742,0.6162846757424567,0.45907537903981543,0.47136513691183285
768,0.6719901713681722,0.21007521218829714,0.5353966339336493,0.6858055998652695
769,0.349509965156053,0.646247082587127,0.5062161654813035,0.4619363854860735
770,0.579351351261196,0.5795600702323407,0.38300937253794476,0.49309122752229256
771,0.6415913447471769,0.17444599049649787,0.7635508930984459,0.5963913414613147
772,0.6121669817610402,0.40232002675315237,0.5141199020955296,0.5346177621512577
773,0.2355047236835662,0.7676812037930956,0.2899211365613386,0.6837370866653536
774,0.4144469744309393,0.512661487653283,0.711531160636852,0.32726887643755675
775,0.40107561275546727,0.6056816335302297,0.5121504678958138,0.4748294978158617
776,0.5788909022980654,0.6180150384999308,0.4045074206811271,0.5641059888781793
777,0.38423216555444106,0.5441199775414868,0.40846458189407653,0.5894811218871193
778,0.6817304571150224,0.3573618845826537,0.710738823607044,0.3183574932729072
779,0.2839994041530453,0.6206364175592807,0.635375526091199,0.42659569203984354
780,0.4605884510617917,0.5144188651757887,0.4870702463743681,0.6103793200425126
781,0.5389401137047958,0.46235723475319995,0.5265696121014739,0.4568921442478695
782,0.6417986891863201,0.47891191200854716,0.7184238177886795,0.22575861225689725
783,0.43525908795893425,0.7023064081259416,0.7072243139769876,0.15283039348199573
784,0.6291053229001258,0.7465021266341524,0.261047024831205,0.45802892381834587
785,0.4813662939968913,0.7079992372117025,0.4440916221876918,0.3782815495187706
786,0.6426960989668605,0.5960329725184971,0.47027047358626567,0.3927090700909696
787,0.6449259569289949,0.295187662108478,0.6061480168496359,0.5165708356248219
788,0.6782510917924882,0.41623932570777605,0.44680516526717123,0.5536683817470566
789,0.11763041128297902,0.6928058045373362,0.6339828927944471,0.5201723474101849
790,0.52384616716189,0.531076552411423,0.5273978477220953,0.4685466868914755
791,0.4772078373820285,0.5997315194389539,0.3762937704360137,0.48562376803561735
792,0.17529817794926428,0.6597382639368601,0.6480491532063068,0.5345588715293027
793,0.6647634669387831,0.09374269244321891,0.7561159345153998,0.5871557884735163
794,0.5186452994760471,0.5294526572990734,0.43569425289104774,0.5803681952387929
795,0.3494175784845153,0.5671532496239027,0.48576561720128636,0.6616394864523665
796,0.4653649355770991,0.35313027841399314,0.6039996338684108,0.6081297492181885
797,0.4565918073951762,0.43472759952783846,0.6567764213858015,0.5309524317011827
798,0.42519206828517275,0.6313499770051908,0.2757342465331091,0.6906045351455746
799,0.4503292786511061,0.3569406360444588,0.6469361392767589,0.6529797832214642
800,0.5295583917027826,0.44002647123729405,0.5328868270195074,0.5385370189836467
801,0.5161192449151624,0.7328595949176037,0.39928549673614094,0.38344926982717775
802,0.5140609082181754,0.5031733624805629,0.6171881678487674,0.3436496035736781
803,0.10641865649972894,0.5260524919057097,0.8859024583758046,0.37161257089553823
804,0.45983628995901626,0.6013365361021995,0.41519132889146415,0.5889260062468966
805,0.6861058000710272,0.647269061484595,0.21917697235150033,0.5741931749072909
806,0.47756694264456795,0.5397545810222455,0.5887709943146902,0.3081783923899627
807,0.47477281705226004,0.6731974075501108,0.5470089293011592,0.2595120529804701
808,0.17574078132644078,0.7054557021094467,0.5434511558436569,0.4739710654322608
809,0.5538715017865052,0.4743093223263004,0.5510956719927095,0.4974706918802659
810,0.5357771679191564,0.6117412035125245,0.48653817747116795,0.3151599021893571
811,0.5359249994130607,0.7407945437316714,0.5097894235885778,0.24026579146769578
812,0.42324156616097197,0.6962609015851776,0.34868091686847025,0.5259743288356371
813,0.43706190586230215,0.6229832875094973,0.48054386735651033,0.5025542220749225
814,0.33397277641775647,0.596641593416058,0.57828607548477,0.48669170782374893
815,0.43681720443431665,0.6107226620934321,0.4967879058811137,0.57090516643367
816,0.7255147610433736,0.41789153611462704,0.468946144745796,0.46611645887165426
817,0.6945918632814962,0.506977389217812,0.5386382032514726,0.3985669498595047
818,0.5248831022729495,0.41599694344117355,0.706047352301612,0.3757098337490501
819,0.5199164440855306,0.5369133998863584,0.3513282411389673,0.6219761962120192
820,0.38686660458640687,0.5957121813318117,0.37790260852022967,0.6679038162789408
821,0.5212228238631762,0.6426048697995373,0.4071571760497854,0.49259177572796137
822,0.5648811931458809,0.49160760961220623,0.5146734008656632,0.4474834515503454
823,0.30334819128010143,0.7991482270961783,0.5530926586549798,0.32132966043168176
824,0.37310545933865397,0.3241677451118307,0.6111341086350234,0.7340715033033495
825,0.47634218855650445,0.6319990788185984,0.4910502374411607,0.4683838109123885
826,0.34427887617361397,0.7669773959920946,0.41592114741132974,0.4204417244390011
827,0.5626289865143729,0.4762854835131159,0.45664233046469177,0.5386212842041568
828,0.2607521203114153,0.6925834720544167,0.42643827614648466,0.5787835959460206
829,0.03502606747223299,0.49238602671112286,0.6840073348330923,0.6494459348825607
830,0.2628504938016013,0.4574841740875503,0.5736031852682205,0.7107237901890855
831,0.26433349656001565,0.5997303071990581,0.5695879314085885,0.5648941923477564
832,0.5388770356103894,0.6142061297186798,0.3199784897711607,0.5603355181731375
833,0.38179285712459904,0.750715544591713,0.4866632602085956,0.3732550044931651
834,0.43898474878629296,0.7448480097060524,0.4391141478509402,0.3244213785225851
835,0.6249725006098675,0.704234969531969,0.35134469866804735,0.3421432498443685
836,0.6249953814453012,0.39735681944148943,0.3693503810081722,0.6874943201581938
837,0.3446870792380473,0.6799001768087467,0.49160173358497455,0.47174432979735614
838,0.3930130525547187,0.3597312190561042,0.6682070523508555,0.5531083869396639
839,0.513392581102539,0.4286554938472391,0.7289413290795467,0.3720005927596887
840,0.5068275772875726,0.48974779387293493,0.6921125308673991,0.3317934895993412
841,0.519129993858547,0.5129572739219251,0.5088804033497181,0.5274721520508082
842,0.5994555534846406,0.4798472166939616,0.4613837834472747,0.4939389450289552
843,0.8082774715223168,0.4172336848255773,0.5142034552574855,0.3393662871441413
844,0.5337782492759533,0.41418008153522623,0.48888650792059124,0.5702529060923454
845,0.6657692600070995,0.6820608042378378,0.28242433584122967,0.44453704637593805
846,0.3055820393920811,0.5867755958222454,0.6951955120910375,0.3739854862426635
847,0.2753238787850828,0.5097324427061715,0.6361089229125411,0.5819617148156722
848,0.3719723369160901,0.6101745898829044,0.5757057546473698,0.4066452890550853
849,0.4653741364351411,0.6515188903504059,0.4442634178797481,0.4641248960003356
850,0.5391479705309222,0.5440353710365974,0.4770008434595212,0.539227452263772
851,0.27082690622639743,0.4523599122743016,0.7155526763409341,0.5560398484883304
852,0.6164433043442852,0.6844567734930493,0.5077630638796359,0.22641871735518218
853,0.5064754428187856,0.37039417841754724,0.6860482466068455,0.47080285231838953
854,0.4630468041044985,0.4976690350415147,0.6299494207644311,0.44553081857656046
855,0.36293461119773723,0.6054213247935041,0.4888407822982827,0.5777555478083903
856,0.45750736521966623,0.5728659872921468,0.5541144725857639,0.3780462066793453
857,0.5097928979506916,0.6743065420142408,0.48839430827062896,0.36265569435645695
858,0.3140787770095591,0.7695735013401739,0.5115198261150428,0.3902263484907111
859,0.6748280626686491,0.37245584039161983,0.5838394615602294,0.5102513900617068
860,0.5364170880398007,0.5203261191722389,0.2741806460875697,0.7964191874281354
861,0.3836220109352157,0.5987159389024417,0.5935800226525639,0.40747281541356467
862,0.783116628082486,0.39194830765642996,0.6042666397291085,0.2802224244681495
863,0.4617604735883187,0.5545506266045694,0.6155033466115881,0.35079588553101193
864,0.33515162252844116,0.5229159331066963,0.5750410567834443,0.5350890591516022
865,0.41580534677585784,0.5499305289500275,0.6344581607099277,0.3268063310109826
866,0.36102865448064686,0.535186550210222,0.5242175438889368,0.5650639148346049
867,0.607133866067851,0.58068668310074,0.3752975094194886,0.5422531525467602
868,0.8022285586806565,0.45907302486853263,0.5451058435999871,0.3248139613990632
869,0.3781106132453672,0.756989318312115,0.4472967133240973,0.4422705699907006
870,0.3173381941624491,0.4841426293637675,0.5550797019276137,0.6225722998050689
871,0.42344230887997125,0.4878425072652567,0.5432544349483044,0.4908949755127353
872,0.6147374977023882,0.4307289766768402,0.5605785492880734,0.46314294527116906
873,0.3256746987128367,0.4370173153431866,0.5969654988682271,0.5949006307934942
874,0.6710163157952967,0.26427938112115623,0.826645425499303,0.36872054132831006
875,0.7062576854158993,0.454280739446581,0.4488175565652642,0.5197809734929271
876,0.6393225329736923,0.512810268277955,0.3073734137542224,0.6546492174900579
877,0.32873468224863467,0.545125052002442,0.8048659902728116,0.36312060893840614
878,0.6012929643587888,0.5187157977863941,0.450523538825435,0.44137714034353515
879,0.6566629398381223,0.24743184399419715,0.7261227804317022,0.4932006882615865
880,0.45776099776495077,0.383930210624184,0.877348322793873,0.24765059589456456
881,0.460782153814169,0.6022005345745369,0.6247587205968858,0.3697504751728036
882,0.5280758735679731,0.7110056103237824,0.47215337023933684,0.35004767351433624
883,0.8545699480179579,0.633194875765179,0.24994904697653578,0.41128997967284486
884,0.34162235602947144,0.5503194775143593,0.48405259726666794,0.6212335396523637
885,0.3735484243336294,0.3981343006578184,0.7331402791677306,0.47479303182404436
886,0.18265650555284105,0.6967785948675785,0.546162271471127,0.49581862305834973
887,0.4562174212370938,0.25748022743801097,0.7079614272937236,0.6415826190387117
888,0.43013561767716846,0.3954362429056297,0.6835607758016513,0.48210853505823215
889,0.2631193958622572,0.7686478009769391,0.5028068403627776,0.3566561045735422
890,0.6954876515942322,0.48938430822466367,0.26532140393997417,0.6415439696786419
891,0.7855350269903031,0.4924962223415714,0.5078438165678437,0.3782497072935443
892,0.35477722017974894,0.6593259145053985,0.6850356087078739,0.3216512901627983
893,0.40402466710458707,0.5402455853126771,0.4871801903699801,0.6005157597122325
894,0.36305003769975375,0.6903150432824757,0.5457979397518881,0.4349147711924578
895,0.331390156157832,0.618435541737714,0.5527114779789369,0.5728007544925096
896,0.672439677751511,0.3717920165743283,0.49498875398785724,0.5740829982230731
897,0.4305268137663487,0.7021583391032056,0.4722718079335384,0.3505721217778152
898,0.5409429832814985,0.46569595228823546,0.5101102672095588,0.5707119785598198
899,0.6361486143399537,0.36774479725387765,0.5317954192214963,0.5919088524453412
900,0.44076599500122143,0.6374284341861065,0.39063425082173864,0.5057546745863377
901,0.5852978128148124,0.4430164734712818,0.38199698837223234,0.6063978029045998
902,0.38069957836751817,0.42246553747963134,0.6031322896009791,0.6387402992877045
903,0.3746440307765949,0.6036530584212122,0.3660254789829327,0.6485232770919072
904,0.36279211019732,0.5838975647526153,0.3170278259573538,0.7033890078606346
905,0.49629817008929833,0.38176648109342015,0.5629785003090813,0.6603921640276894
906,0.7358313045749214,0.32286992261655334,0.5352290092159492,0.46518081474106326
907,0.42329122162648414,0.5169666874414303,0.6031339809225483,0.4575035361318042
908,0.3488738709704063,0.5714406572627961,0.6326004420654089,0.40681673333664725
909,0.26878709654100497,0.8182770683826258,0.30590404588508535,0.5768000502301407
910,0.5209750101841971,0.6224106905442726,0.5664221786433845,0.3658356296073823
911,0.26977306424149095,0.6469931298701275,0.43353774069268086,0.6503864785797518
912,0.45330166431865493,0.5867438730935609,0.3413889190065608,0.6624630091811428
913,0.433733624739881,0.5044073352102726,0.6641791584804749,0.47187618059949615
914,0.32150800340525526,0.625152346216494,0.4649526528241099,0.4688753256064085
915,0.4462168751004482,0.5636863056732768,0.6625920078065043,0.2660518607826103
916,0.16262295780668712,0.7870602881125441,0.5504449094681372,0.46260695792467754
917,0.46152979748388745,0.5091843661451397,0.468725841383793,0.6256184848042876
918,0.557942674708645,0.4985960252820264,0.5163961994025493,0.4893396348437472
919,0.6086124242487452,0.44960768874835166,0.5708956713139727,0.4515479863486433
920,0.612080270711027,0.492847437085459,0.4508873380490254,0.538475773546978
921,0.47053147934224787,0.48197798946973236,0.7093726087663323,0.32585978116607356
922,0.7383105600000989,0.5083805074395313,0.37771668839729783,0.41002275420608897
923,0.24515210680071844,0.7632594485360763,0.5606642985969681,0.40076583091518625
924,0.7217816564650698,0.5286417453761796,0.46283617696845053,0.4813789255107981
925,0.5561667009458318,0.48140835399664195,0.4119581502982379,0.6136313055931052
926,0.5514478646821881,0.5009473852782741,0.5535491164786173,0.4135882953863305
927,0.5274283868545898,0.676559468701556,0.25422832066496187,0.607871156338002
928,0.7708781742213168,0.46292856917711794,0.3859565474493064,0.49013087824331186
929,0.4416965398023092,0.4625966623055828,0.6193246347172302,0.47935803678612277
930,0.4846269188751853,0.4387281000134951,0.5641704809682226,0.5550877144585183
931,0.5898655016996365,0.45020464329003934,0.5669313342477164,0.4402193299106532
932,0.44048060172994274,0.4963967740038827,0.6436380124957171,0.4132107000581104
933,0.3484241379616768,0.7074126296325227,0.5313291396227741,0.3061509510590081
934,0.3486845624171912,0.5535577613465057,0.6119119736683212,0.4625550884632917
935,0.6626856958075621,0.575219869068442,0.5070912094147189,0.2534457857352345
936,0.7125474705390825,0.3263576362785514,0.7007359989013663,0.32689671102158213
937,0.5365372680909439,0.6211195583265819,0.5439881847727348,0.36299694055474574
938,0.32617355947903826,0.5385448324705863,0.41154336861353324,0.7506128689300333
939,0.16060540388217878,0.9828270677356441,0.40517034942061014,0.37979189370826383
940,0.6569321302196505,0.5802264384375555,0.4721029324206874,0.47083057915308285
941,0.39664172359766364,0.6030148845024186,0.4883292252256889,0.5043793989401044
942,0.3313099186039818,0.36821810451547227,0.741759791205673,0.6290859485598498
943,0.3482551396326974,0.6993749145055275,0.30279123722505474,0.6819561145932785
944,0.39345386429541096,0.5589100353396369,0.4985699412725584,0.5045351587117161
945,0.20485244144126236,0.652082284411946,0.465704815914491,0.6582280960144602
946,0.8104417163106867,0.33509461525953593,0.5058616141552784,0.563819285046721
947,0.36124880896323325,0.7164665991132361,0.517822979254979,0.4054276851039729
948,0.5076580446986373,0.5470666117984312,0.5945499754734023,0.437810170792578
949,0.6793711313437457,0.42332673881451804,0.37622513667206636,0.5968288923288994
950,0.4867583683995262,0.6020654796863801,0.5053404991618498,0.3462333342397433
951,0.4035222150142442,0.40891182789829034,0.617001268321508,0.6239384035563301
952,0.41059626629180157,0.7957138903222799,0.4885825735397932,0.29219164133713144
953,0.5679418336636326,0.48475488428690555,0.4616064995997828,0.5495396900676509
954,0.18432158924383335,0.7724657509064927,0.5004187974346123,0.5519050673306687
955,0.6067763338929482,0.6565182035898699,0.4685474729355849,0.2853052367315068
956,0.6995997251038092,0.4406500319472513,0.4729373680964872,0.452316492040052
957,0.7030987669942267,0.3297535102545028,0.5078489451111922,0.5454543142478069
958,0.4382637842309107,0.622086978262801,0.4937337512935592,0.437309279511919
959,0.372257874590315,0.4999645680980194,0.6782396650940652,0.2934240644191742
960,0.27660008491350346,0.7027314890117766,0.6268938092546301,0.4467315928573495
961,0.4922583235700753,0.4677575679964639,0.5615278880260217,0.47105216406387646
962,0.29273982033627816,0.5746279178275714,0.551419832984928,0.5734708479995458
963,0.2621752487581905,0.627114287789075,0.4242987416831773,0.6750518006992537
964,0.45555242334621654,0.5247600681126839,0.4577854822979314,0.4988639854985222
965,0.46222379194162366,0.7581030888902843,0.4860806502857929,0.26546789595699466
966,0.49953086363391674,0.47230572495128337,0.7051039838419539,0.3494555092507317
967,0.36980359637999194,0.4233959386043654,0.5291923855047762,0.6512585950736058
968,0.3211738449440595,0.5625142175206278,0.7683127679955329,0.45096101912866415
969,0.39484985503519926,0.30770482589730735,0.6170817000662073,0.6806246045421199
970,0.5058771766060858,0.6332360168268105,0.4501206329335404,0.4870034500668319
971,0.8640390142855044,0.355685434404974,0.5902083484290728,0.3162386160556912
972,0.4310617474256503,0.5609235833792005,0.33441802700989565,0.6388312443966758
973,0.5106980833775274,0.6793468138998978,0.4114544752238464,0.4632064388879655
974,0.592668495830063,0.4709854994324963,0.4805391172266985,0.6108067377272076
975,0.6034684714031265,0.4249149068594041,0.6435385149555505,0.3844962747442716
976,0.5342245787466532,0.41978932876193714,0.411009747375214,0.6379903311495357
977,0.6229037865714268,0.4341173515812124,0.5219866202803932,0.43182608529730865
978,0.6050317388137574,0.45226590702175073,0.5068419528865988,0.5659768589205152
979,0.3846023384286598,0.5730440895316458,0.353929416218808,0.7333744675978107
980,0.27707367826168366,0.4394857671899192,0.6576731663514168,0.5273720353538751
981,0.41420346345306513,0.4695919786048307,0.5717560853453707,0.5511914467353828
982,0.22515902337144098,0.6941286435545148,0.4194637476280854,0.5844605243205665
983,0.4826069363839581,0.43778423740841527,0.4689803108884679,0.6095846358036695
984,0.6848176689707848,0.7973754788916232,0.2767845003255559,0.382015000399274
985,0.5961221532780873,0.37620051576312713,0.4821760932040684,0.605322392771489
986,0.4269103156456947,0.584521391898846,0.4983221660241823,0.48069866456534033
987,0.12600829847732103,0.7707180548518751,0.4243399538578179,0.5901496909544254
988,0.7630505096516368,0.388417027407145,0.6099474148627624,0.3648060008864498
989,0.2898806282752006,0.8246480715802564,0.4299315198696329,0.3660909255851373
990,0.5322413910859766,0.621032420869814,0.38030655935919244,0.5551614239905017
991,0.36733324487979074,0.5830827167144012,0.579634421383433,0.48261713107782256
992,0.37151266760543167,0.2710503240745033,0.8201508251289616,0.5012870283705682
993,0.5320028648944353,0.5532041954896622,0.4511581033788858,0.5320720354723174
994,0.4171664696594207,0.4412964369535266,0.6720898088389679,0.5429193245519418
995,0.38851460352548517,0.6384972506288275,0.5529909989318637,0.48571390493352995
996,0.18064759256408675,0.5330035276897436,0.3146012176193437,0.983274038345652
997,0.5366327866779165,0.5630345556698843,0.5717366634276477,0.3192609977421222
998,0.3064804174939551,0.5565920048000029,0.6647303905925787,0.45664949420022766
999,0.5515881871063211,0.6566052878669345,0.3729816925173349,0.38125019416471617
1000,0.49001441679152485,0.55034118170747,0.5284303179203352,0.4456622793266119
